{
    "Logistic_Regression": {
        "cross_validation": {
            "accuracy": {
                "mean": 0.6013884690566874,
                "std": 0.01644339894386806
            },
            "f1_macro": {
                "mean": 0.35264534963020633,
                "std": 0.013299633053244664
            },
            "f1_weighted": {
                "mean": 0.5443812840403939,
                "std": 0.01906602386818435
            }
        },
        "confusion_matrix": [
            [
                1755,
                3,
                63,
                0,
                22,
                49
            ],
            [
                216,
                11,
                7,
                0,
                0,
                14
            ],
            [
                501,
                2,
                162,
                0,
                16,
                19
            ],
            [
                107,
                1,
                12,
                0,
                2,
                2
            ],
            [
                231,
                0,
                25,
                0,
                76,
                21
            ],
            [
                329,
                2,
                8,
                0,
                9,
                502
            ]
        ],
        "classification_report": {
            "1": {
                "precision": 0.5590952532653711,
                "recall": 0.9275898520084567,
                "f1-score": 0.6976744186046512,
                "support": 1892.0
            },
            "2": {
                "precision": 0.5789473684210527,
                "recall": 0.04435483870967742,
                "f1-score": 0.08239700374531835,
                "support": 248.0
            },
            "3": {
                "precision": 0.5848375451263538,
                "recall": 0.23142857142857143,
                "f1-score": 0.33162743091095187,
                "support": 700.0
            },
            "4": {
                "precision": 0.0,
                "recall": 0.0,
                "f1-score": 0.0,
                "support": 124.0
            },
            "5": {
                "precision": 0.608,
                "recall": 0.21529745042492918,
                "f1-score": 0.3179916317991632,
                "support": 353.0
            },
            "6": {
                "precision": 0.8270181219110379,
                "recall": 0.5905882352941176,
                "f1-score": 0.6890871654083733,
                "support": 850.0
            },
            "accuracy": 0.6013918886489081,
            "macro avg": {
                "precision": 0.5263163814539692,
                "recall": 0.3348764913109587,
                "f1-score": 0.35312960841140967,
                "support": 4167.0
            },
            "weighted avg": {
                "precision": 0.6067585437387409,
                "recall": 0.6013918886489081,
                "f1-score": 0.5448881197957108,
                "support": 4167.0
            }
        },
        "feature_importance": {
            "KC_1": {
                "did": 2.3599317000789424,
                "mine": 2.109331366797651,
                "put": 1.8733305875439379,
                "chose": 1.7266658316967116,
                "bac": 1.6833988607270767,
                "have": 1.6032809059078903,
                "candidate": 1.5823175474725832,
                "and": 1.5821818824105502,
                "the": 1.5227911793480864,
                "ranked": 1.5078034664647235
            },
            "KC_2": {
                "wait": 2.0286686634971027,
                "flowers": 1.8539382195364855,
                "disagree": 1.8192371062946109,
                "dont": 1.7426421073525618,
                "have": 1.543836287328998,
                "what": 1.4606870258071396,
                "wthh": 1.4461106528099603,
                "why did": 1.4332865424960888,
                "what the": 1.4122375383961805,
                "why": 1.389096952696098
            },
            "KC_3": {
                "agree": 1.5962485541168654,
                "true": 1.4696157190110275,
                "that": 1.4353707608261075,
                "and": 1.433651865561049,
                "is": 1.3143869844181935,
                "think": 1.2989238107130034,
                "worker": 1.2888347165427945,
                "be": 1.2866907287384997,
                "do you": 1.253498223702933,
                "now": 1.177140401326626
            },
            "KC_4": {
                "it": 1.4969896735733799,
                "guess": 1.414456286752528,
                "ok bca": 1.357651262691797,
                "second": 1.3276827309737151,
                "ok majority": 1.1435016153432298,
                "it is": 1.1112204550635087,
                "be": 1.006012914582007,
                "so there": 0.9755141817839686,
                "there that": 0.9755141817839686,
                "then obvi": 0.9518175954709499
            },
            "KC_5": {
                "submit": 2.443003241105959,
                "abc": 2.4296093160366774,
                "cba": 2.36104397055999,
                "bac": 2.212012403878666,
                "acb": 1.8055510967837651,
                "bca": 1.6530522270555363,
                "alright": 1.6284424748899882,
                "ya": 1.6052221146806152,
                "ye": 1.5663088407423236,
                "im": 1.4964106324429571
            },
            "KC_6": {
                "hi": 3.8116067816085266,
                "hello": 3.162796098890979,
                "hey": 2.6468070193384228,
                "next": 2.0617947571427973,
                "this": 1.5138946976056478,
                "wassup": 1.4744325274071104,
                "idk": 1.4740360743882623,
                "50": 1.4600690282592934,
                "name": 1.3217210333925506,
                "year": 1.3185067294792332
            }
        }
    },
    "Random_Forest": {
        "cross_validation": {
            "accuracy": {
                "mean": 0.6575464718261406,
                "std": 0.020130917041823567
            },
            "f1_macro": {
                "mean": 0.582712061157702,
                "std": 0.026302056186316834
            },
            "f1_weighted": {
                "mean": 0.6398029869143776,
                "std": 0.023150198941196555
            }
        },
        "confusion_matrix": [
            [
                1642,
                12,
                65,
                2,
                86,
                85
            ],
            [
                85,
                137,
                8,
                1,
                3,
                14
            ],
            [
                426,
                5,
                194,
                2,
                45,
                28
            ],
            [
                58,
                1,
                4,
                46,
                12,
                3
            ],
            [
                142,
                0,
                12,
                0,
                168,
                31
            ],
            [
                189,
                5,
                11,
                0,
                90,
                555
            ]
        ],
        "classification_report": {
            "1": {
                "precision": 0.6459480723839497,
                "recall": 0.8678646934460887,
                "f1-score": 0.7406405051871899,
                "support": 1892.0
            },
            "2": {
                "precision": 0.85625,
                "recall": 0.5524193548387096,
                "f1-score": 0.6715686274509803,
                "support": 248.0
            },
            "3": {
                "precision": 0.6598639455782312,
                "recall": 0.27714285714285714,