{
    "Logistic_Regression": {
        "cross_validation": {
            "accuracy": {
                "mean": 0.6004557218570882,
                "std": 0.047988285360072325
            },
            "f1_macro": {
                "mean": 0.35360533956892504,
                "std": 0.052091816710577304
            },
            "f1_weighted": {
                "mean": 0.5402131054940754,
                "std": 0.058530439344968536
            }
        },
        "confusion_matrix": [
            [
                1819,
                0,
                29,
                0,
                27,
                17
            ],
            [
                154,
                82,
                6,
                0,
                0,
                6
            ],
            [
                213,
                2,
                450,
                0,
                20,
                15
            ],
            [
                106,
                0,
                13,
                0,
                2,
                3
            ],
            [
                162,
                0,
                7,
                0,
                169,
                15
            ],
            [
                107,
                0,
                5,
                0,
                8,
                730
            ]
        ],
        "classification_report": {
            "1": {
                "precision": 0.7102694260054666,
                "recall": 0.9614164904862579,
                "f1-score": 0.8169773186615764,
                "support": 1892.0
            },
            "2": {
                "precision": 0.9761904761904762,
                "recall": 0.33064516129032256,
                "f1-score": 0.4939759036144578,
                "support": 248.0
            },
            "3": {
                "precision": 0.8823529411764706,
                "recall": 0.6428571428571429,
                "f1-score": 0.743801652892562,
                "support": 700.0
            },
            "4": {
                "precision": 0.0,
                "recall": 0.0,
                "f1-score": 0.0,
                "support": 124.0
            },
            "5": {
                "precision": 0.7477876106194691,
                "recall": 0.47875354107648727,
                "f1-score": 0.5837651122625216,
                "support": 353.0
            },
            "6": {
                "precision": 0.9287531806615776,
                "recall": 0.8588235294117647,
                "f1-score": 0.8924205378973105,
                "support": 850.0
            },
            "accuracy": 0.7799376049916007,
            "macro avg": {
                "precision": 0.70755893910891,
                "recall": 0.5454159775203292,
                "f1-score": 0.588490087554738,
                "support": 4167.0
            },
            "weighted avg": {
                "precision": 0.7816129784094369,
                "recall": 0.7799376049916007,
                "f1-score": 0.7567830117279255,
                "support": 4167.0
            }
        },
        "feature_importance": {
            "KC_1": {
                "did": 2.3599317000789424,
                "mine": 2.109331366797651,
                "put": 1.8733305875439379,
                "chose": 1.7266658316967116,
                "bac": 1.6833988607270767,
                "have": 1.6032809059078903,
                "candidate": 1.5823175474725832,
                "and": 1.5821818824105502,
                "the": 1.5227911793480864,
                "ranked": 1.5078034664647235
            },
            "KC_2": {
                "wait": 2.0286686634971027,
                "flowers": 1.8539382195364855,
                "disagree": 1.8192371062946109,
                "dont": 1.7426421073525618,
                "have": 1.543836287328998,
                "what": 1.4606870258071396,
                "wthh": 1.4461106528099603,
                "why did": 1.4332865424960888,
                "what the": 1.4122375383961805,
                "why": 1.389096952696098
            },
            "KC_3": {
                "agree": 1.5962485541168654,
                "true": 1.4696157190110275,
                "that": 1.4353707608261075,
                "and": 1.433651865561049,
                "is": 1.3143869844181935,
                "think": 1.2989238107130034,
                "worker": 1.2888347165427945,
                "be": 1.2866907287384997,
                "do you": 1.253498223702933,
                "now": 1.177140401326626
            },
            "KC_4": {
                "it": 1.4969896735733799,
                "guess": 1.414456286752528,
                "ok bca": 1.357651262691797,
                "second": 1.3276827309737151,
                "ok majority": 1.1435016153432298,
                "it is": 1.1112204550635087,
                "be": 1.006012914582007,
                "so there": 0.9755141817839686,
                "there that": 0.9755141817839686,
                "then obvi": 0.9518175954709499
            },
            "KC_5": {
                "submit": 2.443003241105959,
                "abc": 2.4296093160366774,
                "cba": 2.36104397055999,
                "bac": 2.212012403878666,
                "acb": 1.8055510967837651,
                "bca": 1.6530522270555363,
                "alright": 1.6284424748899882,
                "ya": 1.6052221146806152,
                "ye": 1.5663088407423236,
                "im": 1.4964106324429571
            },
            "KC_6": {
                "hi": 3.8116067816085266,
                "hello": 3.162796098890979,
                "hey": 2.6468070193384228,
                "next": 2.0617947571427973,
                "this": 1.5138946976056478,
                "wassup": 1.4744325274071104,
                "idk": 1.4740360743882623,
                "50": 1.4600690282592934,
                "name": 1.3217210333925506,
                "year": 1.3185067294792332
            }
        }
    },
    "Random_Forest": {
        "cross_validation": {
            "accuracy": {
                "mean": 0.678237625985646,
                "std": 0.09882491822990877
            },
            "f1_macro": {
                "mean": 0.5940076294226275,
                "std": 0.16117295774951299
            },
            "f1_weighted": {
                "mean": 0.649368724678993,
                "std": 0.11328191860919325
            }
        },
        "confusion_matrix": [
            [
                1826,
                1,
                18,
                0,
                35,
                12
            ],
            [
                7,
                233,
                5,
                0,
                1,
                2
            ],
            [
                44,
                0,
                619,
                0,
                29,
                8
            ],
            [
                11,
                0,
                2,
                97,
                14,
                0
            ],
            [
                68,
                0,
                6,
                0,
                268,
                11
            ],
            [
                33,
                2,
                3,
                0,
                33,
                779
            ]
        ],
        "classification_report": {
            "1": {
                "precision": 0.9180492709904474,
                "recall": 0.9651162790697675,
                "f1-score": 0.9409945890234476,
                "support": 1892.0
            },
            "2": {
                "precision": 0.9872881355932204,
                "recall": 0.9395161290322581,
                "f1-score": 0.9628099173553719,
                "support": 248.0
            },
            "3": {
                "precision": 0.9479326186830015,
                "recall": 0.8842857142857142,