{
    "original": {
        "1": 1892,
        "2": 248,
        "3": 700,
        "4": 124,
        "5": 353,
        "6": 850
    },
    "weighted": {
        "1": 0.36707188160676535,
        "2": 2.8004032258064515,
        "3": 0.9921428571428571,
        "4": 5.600806451612903,
        "5": 1.9674220963172804,
        "6": 0.8170588235294117
    }
}