{"train_samples_per_second":57.641,"train/learning_rate":8.612440191387561e-07,"train_runtime":578.2347,"eval/loss":1.1576635837554932,"train_loss":0.6173487348419627,"train/global_step":2090,"train/grad_norm":42.61830520629883,"_step":24,"train_steps_per_second":3.614,"_timestamp":1.735347735220965e+09,"total_flos":2.19245160651264e+15,"eval/runtime":1.5564,"eval/f1":0.7079030565400259,"_wandb":{"runtime":353},"_runtime":352.411784771,"train/loss":0.2941,"train/epoch":10,"eval/samples_per_second":535.857,"eval/steps_per_second":34.053,"eval/accuracy":0.7110311750599521,"eval/precision":0.7099462869232299,"eval/recall":0.7110311750599521}