{"eval/loss":1.116330862045288,"eval/accuracy":0.7014388489208633,"eval/recall":0.7014388489208633,"train_loss":0.6188861550225152,"train/grad_norm":34.76494216918945,"train/epoch":8.61244019138756,"eval/precision":0.6980831409050726,"train/global_step":1800,"eval/f1":0.6964991055282355,"_wandb":{"runtime":300},"_runtime":299.904182755,"_timestamp":1.7353512213354168e+09,"train/learning_rate":5.645933014354067e-06,"train/loss":0.3711,"eval/runtime":1.5995,"train_runtime":302.0398,"train_samples_per_second":110.35,"eval/steps_per_second":33.136,"_step":21,"eval/samples_per_second":521.425,"total_flos":1.888678983684096e+15,"train_steps_per_second":6.92}