{
    "1": {
        "precision": 0.5590952532653711,
        "recall": 0.9275898520084567,
        "f1-score": 0.6976744186046512,
        "support": 1892.0
    },
    "2": {
        "precision": 0.5789473684210527,
        "recall": 0.04435483870967742,
        "f1-score": 0.08239700374531835,
        "support": 248.0
    },
    "3": {
        "precision": 0.5848375451263538,
        "recall": 0.23142857142857143,
        "f1-score": 0.33162743091095187,
        "support": 700.0
    },
    "4": {
        "precision": 0.0,
        "recall": 0.0,
        "f1-score": 0.0,
        "support": 124.0
    },
    "5": {
        "precision": 0.608,
        "recall": 0.21529745042492918,
        "f1-score": 0.3179916317991632,
        "support": 353.0
    },
    "6": {
        "precision": 0.8270181219110379,
        "recall": 0.5905882352941176,
        "f1-score": 0.6890871654083733,
        "support": 850.0
    },
    "accuracy": 0.6013918886489081,
    "macro avg": {
        "precision": 0.5263163814539692,
        "recall": 0.3348764913109587,
        "f1-score": 0.35312960841140967,
        "support": 4167.0
    },
    "weighted avg": {
        "precision": 0.6067585437387409,
        "recall": 0.6013918886489081,
        "f1-score": 0.5448881197957108,
        "support": 4167.0
    }
}