{
    "1": {
        "precision": 0.5055480378890392,
        "recall": 0.9873150105708245,
        "f1-score": 0.6686951852514766,
        "support": 1892.0
    },
    "2": {
        "precision": 0.0,
        "recall": 0.0,
        "f1-score": 0.0,
        "support": 248.0
    },
    "3": {
        "precision": 0.7027027027027027,
        "recall": 0.037142857142857144,
        "f1-score": 0.07055630936227951,
        "support": 700.0
    },
    "4": {
        "precision": 0.0,
        "recall": 0.0,
        "f1-score": 0.0,
        "support": 124.0
    },
    "5": {
        "precision": 0.6666666666666666,
        "recall": 0.0113314447592068,
        "f1-score": 0.022284122562674095,
        "support": 353.0
    },
    "6": {
        "precision": 0.8904428904428905,
        "recall": 0.44941176470588234,
        "f1-score": 0.5973416731821736,
        "support": 850.0
    },
    "accuracy": 0.5471562275017998,
    "macro avg": {
        "precision": 0.4608933829502166,
        "recall": 0.2475335128631285,
        "f1-score": 0.22647954839310067,
        "support": 4167.0
    },
    "weighted avg": {
        "precision": 0.5856968010049782,
        "recall": 0.5471562275017998,
        "f1-score": 0.4392050454808882,
        "support": 4167.0
    }
}