{
    "1": {
        "precision": 0.6459480723839497,
        "recall": 0.8678646934460887,
        "f1-score": 0.7406405051871899,
        "support": 1892.0
    },
    "2": {
        "precision": 0.85625,
        "recall": 0.5524193548387096,
        "f1-score": 0.6715686274509803,
        "support": 248.0
    },
    "3": {
        "precision": 0.6598639455782312,
        "recall": 0.27714285714285714,
        "f1-score": 0.3903420523138833,
        "support": 700.0
    },
    "4": {
        "precision": 0.9019607843137255,
        "recall": 0.3709677419354839,
        "f1-score": 0.5257142857142857,
        "support": 124.0
    },
    "5": {
        "precision": 0.4158415841584158,
        "recall": 0.47592067988668557,
        "f1-score": 0.4438573315719947,
        "support": 353.0
    },
    "6": {
        "precision": 0.7751396648044693,
        "recall": 0.6529411764705882,
        "f1-score": 0.7088122605363985,
        "support": 850.0
    },
    "accuracy": 0.6580273578113751,
    "macro avg": {
        "precision": 0.7091673418731319,
        "recall": 0.5328760839534022,
        "f1-score": 0.5801558437957888,
        "support": 4167.0
    },
    "weighted avg": {
        "precision": 0.675280164723258,
        "recall": 0.6580273578113751,
        "f1-score": 0.6396546491411444,
        "support": 4167.0
    }
}