{
    "1": {
        "precision": 0.6520338300443013,
        "recall": 0.8557082452431289,
        "f1-score": 0.7401142857142857,
        "support": 1892.0
    },
    "2": {
        "precision": 0.7965116279069767,
        "recall": 0.5524193548387096,
        "f1-score": 0.6523809523809524,
        "support": 248.0
    },
    "3": {
        "precision": 0.6134453781512605,
        "recall": 0.41714285714285715,
        "f1-score": 0.4965986394557823,
        "support": 700.0
    },
    "4": {
        "precision": 0.8679245283018868,
        "recall": 0.3709677419354839,
        "f1-score": 0.519774011299435,
        "support": 124.0
    },
    "5": {
        "precision": 0.6382113821138211,
        "recall": 0.4447592067988669,
        "f1-score": 0.5242070116861436,
        "support": 353.0
    },
    "6": {
        "precision": 0.7910447761194029,
        "recall": 0.6858823529411765,
        "f1-score": 0.7347195967233774,
        "support": 850.0
    },
    "accuracy": 0.6801055915526758,
    "macro avg": {
        "precision": 0.7265285871062749,
        "recall": 0.5544799598167038,
        "f1-score": 0.6112990828766628,
        "support": 4167.0
    },
    "weighted avg": {
        "precision": 0.6877595329896176,
        "recall": 0.6801055915526758,
        "f1-score": 0.6680380278670894,
        "support": 4167.0
    }
}