{
    "1": {
        "precision": 0.9673384294649062,
        "recall": 0.7357293868921776,
        "f1-score": 0.8357850495346743,
        "support": 1892.0
    },
    "2": {
        "precision": 0.767515923566879,
        "recall": 0.9717741935483871,
        "f1-score": 0.8576512455516014,
        "support": 248.0
    },
    "3": {
        "precision": 0.7652284263959391,
        "recall": 0.8614285714285714,
        "f1-score": 0.8104838709677419,
        "support": 700.0
    },
    "6": {
        "precision": 0.8189473684210526,
        "recall": 0.9152941176470588,
        "f1-score": 0.8644444444444445,
        "support": 850.0
    },
    "KC_4_5": {
        "precision": 0.6035502958579881,
        "recall": 0.8553459119496856,
        "f1-score": 0.7077189939288812,
        "support": 477.0
    },
    "accuracy": 0.8212143028557716,
    "macro avg": {
        "precision": 0.7845160887413531,
        "recall": 0.867914436293176,
        "f1-score": 0.8152167208854687,
        "support": 4167.0
    },
    "weighted avg": {
        "precision": 0.8495816919490045,
        "recall": 0.8212143028557716,
        "f1-score": 0.8240223830515176,
        "support": 4167.0
    }
}