{
    "1": {
        "precision": 0.5812018489984592,
        "recall": 0.9968287526427061,
        "f1-score": 0.7342807085847771,
        "support": 1892.0
    },
    "2": {
        "precision": 0.0,
        "recall": 0.0,
        "f1-score": 0.0,
        "support": 248.0
    },
    "3": {
        "precision": 0.9620853080568721,
        "recall": 0.29,
        "f1-score": 0.4456641053787047,
        "support": 700.0
    },
    "6": {
        "precision": 0.9412673879443586,
        "recall": 0.7164705882352941,
        "f1-score": 0.8136272545090181,
        "support": 850.0
    },
    "KC_4_5": {
        "precision": 0.984375,
        "recall": 0.1320754716981132,
        "f1-score": 0.23290203327171904,
        "support": 477.0
    },
    "accuracy": 0.6625869930405568,
    "macro avg": {
        "precision": 0.693785908999938,
        "recall": 0.4270749625152227,
        "f1-score": 0.44529482034884377,
        "support": 4167.0
    },
    "weighted avg": {
        "precision": 0.7301938489795057,
        "recall": 0.6625869930405568,
        "f1-score": 0.6008882674851852,
        "support": 4167.0
    }
}