{
    "1": {
        "precision": 0.9817109144542773,
        "recall": 0.879492600422833,
        "f1-score": 0.9277948146083078,
        "support": 1892.0
    },
    "2": {
        "precision": 0.9486166007905138,
        "recall": 0.967741935483871,
        "f1-score": 0.9580838323353293,
        "support": 248.0
    },
    "3": {
        "precision": 0.9344262295081968,
        "recall": 0.8957142857142857,
        "f1-score": 0.9146608315098468,
        "support": 700.0
    },
    "6": {
        "precision": 0.9536019536019537,
        "recall": 0.9188235294117647,
        "f1-score": 0.9358897543439185,
        "support": 850.0
    },
    "KC_4_5": {
        "precision": 0.6200274348422496,
        "recall": 0.9475890985324947,
        "f1-score": 0.7495854063018242,
        "support": 477.0
    },
    "accuracy": 0.9032877369810415,
    "macro avg": {
        "precision": 0.8876766266394382,
        "recall": 0.9218722899130498,
        "f1-score": 0.8972029278198453,
        "support": 4167.0
    },
    "weighted avg": {
        "precision": 0.9246621249773677,
        "recall": 0.9032877369810415,
        "f1-score": 0.9086425946036174,
        "support": 4167.0
    }
}