{
    "1": {
        "precision": 0.9604456824512535,
        "recall": 0.9112050739957717,
        "f1-score": 0.9351776512069433,
        "support": 1892.0
    },
    "2": {
        "precision": 0.9411764705882353,
        "recall": 0.967741935483871,
        "f1-score": 0.9542743538767395,
        "support": 248.0
    },
    "3": {
        "precision": 0.9148311306901615,
        "recall": 0.89,
        "f1-score": 0.9022447501810282,
        "support": 700.0
    },
    "6": {
        "precision": 0.8785557986870897,
        "recall": 0.9447058823529412,
        "f1-score": 0.9104308390022676,
        "support": 850.0
    },
    "KC_4_5": {
        "precision": 0.7375478927203065,
        "recall": 0.8071278825995807,
        "f1-score": 0.7707707707707707,
        "support": 477.0
    },
    "accuracy": 0.9059275257979361,
    "macro avg": {
        "precision": 0.8865113950274093,
        "recall": 0.904156154886433,
        "f1-score": 0.8945796730075498,
        "support": 4167.0
    },
    "weighted avg": {
        "precision": 0.9094167413243051,
        "recall": 0.9059275257979361,
        "f1-score": 0.906914171293802,
        "support": 4167.0
    }
}