{
    "timestamp": "20241210_020457",
    "model_type": "lstm",
    "merged_codes": "None",
    "use_weights": true,
    "vocab_size": 2604,
    "embedding_dim": 100,
    "max_length": 50,
    "num_classes": 6,
    "class_weights": {
        "0": 0.36707188160676535,
        "1": 2.8004032258064515,
        "2": 0.9921428571428571,
        "3": 5.600806451612903,
        "4": 1.9674220963172804,
        "5": 0.8170588235294117
    },
    "unique_classes": [
        "1",
        "2",
        "3",
        "4",
        "5",
        "6"
    ],
    "embedding_model": {
        "path": "/content/drive/MyDrive/crawl-300d-2M-subword.bin",
        "type": "fasttext",
        "trainable": false
    }
}