{
    "accuracy": [
        0.13621361553668976,
        0.15601560473442078,
        0.1515151560306549,
        0.2199219912290573,
        0.22082208096981049,
        0.2748274803161621,
        0.2811281085014343,
        0.31083106994628906,
        0.3543354272842407,
        0.3870387077331543
    ],
    "loss": [
        1.7616926431655884,
        1.7087392807006836,
        1.6920374631881714,
        1.668986201286316,
        1.6305490732192993,
        1.5863587856292725,
        1.558585286140442,
        1.487823247909546,
        1.4295762777328491,
        1.3819704055786133
    ],
    "val_accuracy": [
        0.10191846638917923,
        0.1091127097606659,
        0.23621103167533875,
        0.18105515837669373,
        0.23381294310092926,
        0.15467625856399536,
        0.2589927911758423,
        0.4076738655567169,
        0.3501199185848236,
        0.40527579188346863
    ],
    "val_loss": [
        1.7755037546157837,
        1.703796625137329,
        1.6553857326507568,
        1.6639559268951416,
        1.6262086629867554,
        1.7092887163162231,
        1.579609751701355,
        1.4592105150222778,
        1.5811779499053955,
        1.460357904434204
    ]
}