{
    "timestamp": "20241209_160425",
    "merged_codes": [
        [
            4,
            5
        ]
    ],
    "use_weights": true,
    "class_weights": {
        "1": 0.4404862579281184,
        "2": 3.360483870967742,
        "3": 1.1905714285714286,
        "6": 0.9804705882352941,
        "KC_4_5": 1.7471698113207548
    },
    "unique_classes": [
        "1",
        "2",
        "3",
        "6",
        "KC_4_5"
    ]
}