{
    "Logistic_Regression": {
        "cross_validation": {
            "accuracy": {
                "mean": 0.6268605283840155,
                "std": 0.06725059592337024
            },
            "f1_macro": {
                "mean": 0.6013418499931399,
                "std": 0.08448062961988477
            },
            "f1_weighted": {
                "mean": 0.6271591659192426,
                "std": 0.06976110878484919
            }
        },
        "confusion_matrix": [
            [
                1392,
                56,
                162,
                102,
                180
            ],
            [
                2,
                241,
                1,
                1,
                3
            ],
            [
                18,
                6,
                603,
                23,
                50
            ],
            [
                15,
                10,
                12,
                778,
                35
            ],
            [
                12,
                1,
                10,
                46,
                408
            ]
        ],
        "classification_report": {
            "1": {
                "precision": 0.9673384294649062,
                "recall": 0.7357293868921776,
                "f1-score": 0.8357850495346743,
                "support": 1892.0
            },
            "2": {
                "precision": 0.767515923566879,
                "recall": 0.9717741935483871,
                "f1-score": 0.8576512455516014,
                "support": 248.0
            },
            "3": {
                "precision": 0.7652284263959391,
                "recall": 0.8614285714285714,
                "f1-score": 0.8104838709677419,
                "support": 700.0
            },
            "6": {
                "precision": 0.8189473684210526,
                "recall": 0.9152941176470588,
                "f1-score": 0.8644444444444445,
                "support": 850.0
            },
            "KC_4_5": {
                "precision": 0.6035502958579881,
                "recall": 0.8553459119496856,
                "f1-score": 0.7077189939288812,
                "support": 477.0
            },
            "accuracy": 0.8212143028557716,
            "macro avg": {
                "precision": 0.7845160887413531,
                "recall": 0.867914436293176,
                "f1-score": 0.8152167208854687,
                "support": 4167.0
            },
            "weighted avg": {
                "precision": 0.8495816919490045,
                "recall": 0.8212143028557716,
                "f1-score": 0.8240223830515176,
                "support": 4167.0
            }
        },
        "feature_importance": {
            "KC_1": {
                "did": 2.114285763582141,
                "mine": 1.8717542771234597,
                "put": 1.8026363527408085,
                "chose": 1.5370298480775115,
                "candidate": 1.5345334093136074,
                "bac": 1.517678422674618,
                "the": 1.5077750162694012,
                "bca": 1.4840233749180214,
                "and": 1.4611715096150548,
                "what did": 1.4010961430227404
            },
            "KC_2": {
                "disagree": 2.525559535544353,
                "dont": 2.5095950676955145,
                "wait": 2.499187630832699,
                "flowers": 2.4980575616079723,
                "wthh": 2.2076707097473367,
                "have": 2.0272843264327096,
                "why did": 1.8791768371441724,
                "what": 1.87224278434016,
                "what the": 1.8175414570550563,
                "mind": 1.816085331117086
            },
            "KC_3": {
                "that": 1.5588341974639879,
                "and": 1.5154678502982093,
                "true": 1.5147618161521728,
                "agree": 1.5120167364915529,
                "but": 1.424094905183243,
                "be": 1.402696246424818,
                "do you": 1.3923007430205314,
                "is": 1.3796017675843606,
                "now": 1.3616192250484775,
                "think": 1.330771603951183
            },
            "KC_6": {
                "hi": 3.812635139431442,
                "hello": 3.168999742972851,
                "hey": 2.6365527314726265,
                "next": 2.051662067496276,
                "this": 1.584139814365097,
                "wassup": 1.4711791898486435,
                "50": 1.455090441514438,
                "idk": 1.4481442660880834,
                "lmao": 1.378717701933239,
                "name": 1.2968518506193805
            },
            "KC_KC_4_5": {
                "cba": 2.4798352792595915,
                "submit": 2.429915188598603,
                "abc": 2.1932034244040213,
                "bac": 2.0240518406892085,
                "bca": 1.8401519899417715,
                "acb": 1.726909728226312,
                "ya": 1.5825771607164416,
                "yes": 1.5566399684520842,
                "alright": 1.5446017773397815,
                "ye": 1.5443511766436955
            }
        }
    },
    "Random_Forest": {
        "cross_validation": {
            "accuracy": {
                "mean": 0.6547237600076002,
                "std": 0.10781120274558842
            },
            "f1_macro": {
                "mean": 0.5997131977594927,
                "std": 0.15030948901084373
            },
            "f1_weighted": {
                "mean": 0.6357680758143182,
                "std": 0.11988838373002507
            }
        },
        "confusion_matrix": [
            [
                1664,
                4,
                32,
                22,
                170
            ],
            [
                3,
                240,
                1,
                0,
                4
            ],
            [
                9,
                4,
                627,
                9,
                51
            ],
            [
                10,
                4,
                3,
                781,
                52
            ],
            [
                9,
                1,
                8,
                7,
                452
            ]
        ],
        "classification_report": {
            "1": {
                "precision": 0.9817109144542773,
                "recall": 0.879492600422833,
                "f1-score": 0.9277948146083078,
                "support": 1892.0
            },
            "2": {
                "precision": 0.9486166007905138,
                "recall": 0.967741935483871,
                "f1-score": 0.9580838323353293,
                "support": 248.0
            },
            "3": {
                "precision": 0.9344262295081968,
                "recall": 0.8957142857142857,
                "f1-score": 0.9146608315098468,
                "support": 700.0
            },
            "6": {
                "precision": 0.9536019536019537,
                "recall": 0.9188235294117647,
                "f1-score": 0.9358897543439185,
                "support": 850.0
            },
            "KC_4_5": {
                "precision": 0.6200274348422496,
                "recall": 0.9475890985324947,
                "f1-score": 0.7495854063018242,
                "support": 477.0
            },
            "accuracy": 0.9032877369810415,
            "macro avg": {
                "precision": 0.8876766266394382,
                "recall": 0.9218722899130498,
                "f1-score": 0.8972029278198453,
                "support": 4167.0
            },
            "weighted avg": {
                "precision": 0.9246621249773677,
                "recall": 0.9032877369810415,
                "f1-score": 0.9086425946036174,
                "support": 4167.0
            }
        }
    },
    "Naive_Bayes": {
        "cross_validation": {
            "accuracy": {
                "mean": 0.5483701394226755,