{
    "1": {
        "precision": 0.7102694260054666,
        "recall": 0.9614164904862579,
        "f1-score": 0.8169773186615764,
        "support": 1892.0
    },
    "2": {
        "precision": 0.9761904761904762,
        "recall": 0.33064516129032256,
        "f1-score": 0.4939759036144578,
        "support": 248.0
    },
    "3": {
        "precision": 0.8823529411764706,
        "recall": 0.6428571428571429,
        "f1-score": 0.743801652892562,
        "support": 700.0
    },
    "4": {
        "precision": 0.0,
        "recall": 0.0,
        "f1-score": 0.0,
        "support": 124.0
    },
    "5": {
        "precision": 0.7477876106194691,
        "recall": 0.47875354107648727,
        "f1-score": 0.5837651122625216,
        "support": 353.0
    },
    "6": {
        "precision": 0.9287531806615776,
        "recall": 0.8588235294117647,
        "f1-score": 0.8924205378973105,
        "support": 850.0
    },
    "accuracy": 0.7799376049916007,
    "macro avg": {
        "precision": 0.70755893910891,
        "recall": 0.5454159775203292,
        "f1-score": 0.588490087554738,
        "support": 4167.0
    },
    "weighted avg": {
        "precision": 0.7816129784094369,
        "recall": 0.7799376049916007,
        "f1-score": 0.7567830117279255,
        "support": 4167.0
    }
}