{
    "1": {
        "precision": 0.5741248097412481,
        "recall": 0.9968287526427061,
        "f1-score": 0.7286073015259803,
        "support": 1892.0
    },
    "2": {
        "precision": 0.0,
        "recall": 0.0,
        "f1-score": 0.0,
        "support": 248.0
    },
    "3": {
        "precision": 0.9530516431924883,
        "recall": 0.29,
        "f1-score": 0.44468784227820374,
        "support": 700.0
    },
    "4": {
        "precision": 0.0,
        "recall": 0.0,
        "f1-score": 0.0,
        "support": 124.0
    },
    "5": {
        "precision": 0.9523809523809523,
        "recall": 0.056657223796033995,
        "f1-score": 0.10695187165775401,
        "support": 353.0
    },
    "6": {
        "precision": 0.9398148148148148,
        "recall": 0.7164705882352941,
        "f1-score": 0.8130841121495327,
        "support": 850.0
    },
    "accuracy": 0.652267818574514,
    "macro avg": {
        "precision": 0.569895370021584,
        "recall": 0.343326094112339,
        "f1-score": 0.34888852126857844,
        "support": 4167.0
    },
    "weighted avg": {
        "precision": 0.6931637530713348,
        "recall": 0.652267818574514,
        "f1-score": 0.5804372474452094,
        "support": 4167.0
    }
}