{
    "1": {
        "precision": 0.9180492709904474,
        "recall": 0.9651162790697675,
        "f1-score": 0.9409945890234476,
        "support": 1892.0
    },
    "2": {
        "precision": 0.9872881355932204,
        "recall": 0.9395161290322581,
        "f1-score": 0.9628099173553719,
        "support": 248.0
    },
    "3": {
        "precision": 0.9479326186830015,
        "recall": 0.8842857142857142,
        "f1-score": 0.9150036954915004,
        "support": 700.0
    },
    "4": {
        "precision": 1.0,
        "recall": 0.782258064516129,
        "f1-score": 0.8778280542986425,
        "support": 124.0
    },
    "5": {
        "precision": 0.7052631578947368,
        "recall": 0.7592067988668555,
        "f1-score": 0.7312414733969986,
        "support": 353.0
    },
    "6": {
        "precision": 0.9593596059113301,
        "recall": 0.9164705882352941,
        "f1-score": 0.937424789410349,
        "support": 850.0
    },
    "accuracy": 0.9172066234701224,
    "macro avg": {
        "precision": 0.9196487981787894,
        "recall": 0.8744755956676696,
        "f1-score": 0.8942170864960516,
        "support": 4167.0
    },
    "weighted avg": {
        "precision": 0.9200295347205709,
        "recall": 0.9172066234701224,
        "f1-score": 0.9175500836624705,
        "support": 4167.0
    }
}