{
    "1": {
        "precision": 0.8781532603522132,
        "recall": 0.9751585623678647,
        "f1-score": 0.9241172051089407,
        "support": 1892.0
    },
    "2": {
        "precision": 0.9790794979079498,
        "recall": 0.9435483870967742,
        "f1-score": 0.9609856262833676,
        "support": 248.0
    },
    "3": {
        "precision": 0.9457364341085271,
        "recall": 0.8714285714285714,
        "f1-score": 0.9070631970260223,
        "support": 700.0
    },
    "4": {
        "precision": 1.0,
        "recall": 0.782258064516129,
        "f1-score": 0.8778280542986425,
        "support": 124.0
    },
    "5": {
        "precision": 0.8644688644688645,
        "recall": 0.6685552407932012,
        "f1-score": 0.7539936102236422,
        "support": 353.0
    },
    "6": {
        "precision": 0.9593596059113301,
        "recall": 0.9164705882352941,
        "f1-score": 0.937424789410349,
        "support": 850.0
    },
    "accuracy": 0.912167026637869,
    "macro avg": {
        "precision": 0.9377996104581473,
        "recall": 0.8595699024063057,
        "f1-score": 0.893568747058494,
        "support": 4167.0
    },
    "weighted avg": {
        "precision": 0.9145443633610914,
        "recall": 0.912167026637869,
        "f1-score": 0.9103719509103385,
        "support": 4167.0
    }
}