{
    "Logistic_Regression": {
        "cross_validation": {
            "accuracy": {
                "mean": 0.608111733902194,
                "std": 0.010887004186671332
            },
            "f1_macro": {
                "mean": 0.5549806430851741,
                "std": 0.01727526577421053
            },
            "f1_weighted": {
                "mean": 0.6141324868175383,
                "std": 0.01212449765519529
            }
        },
        "confusion_matrix": [
            [
                1056,
                103,
                297,
                56,
                182,
                198
            ],
            [
                41,
                154,
                28,
                5,
                4,
                16
            ],
            [
                139,
                23,
                387,
                38,
                52,
                61
            ],
            [
                20,
                1,
                24,
                60,
                4,
                15
            ],
            [
                37,
                1,
                20,
                14,
                219,
                62
            ],
            [
                72,
                27,
                37,
                16,
                40,
                658
            ]
        ],
        "classification_report": {
            "1": {
                "precision": 0.7736263736263737,
                "recall": 0.5581395348837209,
                "f1-score": 0.6484494933988333,
                "support": 1892.0
            },
            "2": {
                "precision": 0.49838187702265374,
                "recall": 0.6209677419354839,
                "f1-score": 0.5529622980251346,
                "support": 248.0
            },
            "3": {
                "precision": 0.4880201765447667,
                "recall": 0.5528571428571428,
                "f1-score": 0.5184192900200938,
                "support": 700.0
            },
            "4": {
                "precision": 0.31746031746031744,
                "recall": 0.4838709677419355,
                "f1-score": 0.38338658146964855,
                "support": 124.0
            },
            "5": {
                "precision": 0.437125748502994,
                "recall": 0.6203966005665722,
                "f1-score": 0.5128805620608899,
                "support": 353.0
            },
            "6": {
                "precision": 0.6514851485148515,
                "recall": 0.7741176470588236,
                "f1-score": 0.7075268817204301,
                "support": 850.0
            },
            "accuracy": 0.6081113510919126,
            "macro avg": {
                "precision": 0.5276832736119929,
                "recall": 0.6017249391739465,
                "f1-score": 0.5539375177825051,
                "support": 4167.0
            },
            "weighted avg": {
                "precision": 0.6422718437264971,
                "recall": 0.6081113510919126,
                "f1-score": 0.6136019242637359,
                "support": 4167.0
            }
        },
        "feature_importance": {
            "KC_1": {
                "did": 2.136734175278316,
                "mine": 1.8712660011217501,
                "put": 1.791627318925219,
                "the": 1.7353272059417015,
                "bac": 1.6570959955756825,
                "and": 1.5061455139532607,
                "chose": 1.5028213483735027,
                "candidate": 1.4223658127757233,
                "what did": 1.3463091533937703,
                "ranked": 1.3424051266610781
            },
            "KC_2": {
                "wait": 2.599459563553589,
                "dont": 2.4678179809139142,
                "disagree": 2.4603709163556804,
                "flowers": 2.4383616047949994,
                "wthh": 2.1281563157210535,
                "have": 2.0477120978797605,
                "what": 1.9323365146646403,
                "why": 1.912544326449248,
                "don": 1.8247340773494172,
                "why did": 1.7948128394868132
            },
            "KC_3": {
                "agree": 1.6203250487407417,
                "true": 1.5712689219692182,
                "and": 1.502134263229359,
                "think": 1.4928015915401784,
                "but": 1.4869340167707426,
                "that": 1.4498318873324854,
                "is": 1.4333298200026787,
                "do you": 1.35883508078735,
                "be": 1.338258769191036,
                "now": 1.2894759219042273
            },
            "KC_4": {
                "ok bca": 2.8421681638487493,
                "guess": 2.367241604733731,
                "second": 2.333142424132918,
                "it": 2.1509568283899694,
                "ok majority": 2.12224929184706,
                "it is": 1.8439048263294489,
                "aight is": 1.7700948319402086,
                "yeah same": 1.7484082929594325,
                "there that": 1.7416624156572154,
                "so there": 1.7416624156572154
            },
            "KC_5": {
                "cba": 2.887383646091002,
                "abc": 2.743484925254906,
                "submit": 2.7161273534034587,
                "bac": 2.682010424249964,
                "acb": 2.223988236032871,
                "alright": 2.1073069222348075,
                "bca": 2.03383823772179,
                "ye": 1.9040098420580407,
                "ya": 1.889803107793482,
                "yup": 1.7729156113566034
            },
            "KC_6": {
                "hi": 3.8589296473021704,
                "hello": 3.229239950341747,
                "hey": 2.6839002734850315,
                "next": 1.9983384143797327,
                "this": 1.5826329413822546,
                "idk": 1.48968092504307,
                "wassup": 1.4720076969632758,
                "lmao": 1.4351458551133183,
                "50": 1.4088109357286762,
                "name": 1.29111792038293
            }
        }
    },
    "Random_Forest": {
        "cross_validation": {
            "accuracy": {
                "mean": 0.6239526026237833,
                "std": 0.013470527949729435
            },
            "f1_macro": {
                "mean": 0.5408002567358917,
                "std": 0.01768378452152324
            },
            "f1_weighted": {
                "mean": 0.624762794150208,
                "std": 0.014333203135472773
            }
        },
        "confusion_matrix": [
            [
                1482,
                19,
                78,
                103,
                140,
                70
            ],
            [
                79,
                139,
                7,
                10,
                2,
                11
            ],
            [
                379,
                5,
                210,
                39,
                43,
                24
            ],
            [
                50,
                1,
                3,
                61,
                8,
                1
            ],
            [
                89,
                1,
                15,
                43,
                184,
                21
            ],
            [
                164,
                10,
                13,
                93,
                52,
                518
            ]
        ],
        "classification_report": {
            "1": {
                "precision": 0.6607222469906375,
                "recall": 0.7832980972515856,
                "f1-score": 0.7168077388149939,
                "support": 1892.0
            },
            "2": {
                "precision": 0.7942857142857143,
                "recall": 0.5604838709677419,
                "f1-score": 0.6572104018912529,
                "support": 248.0
            },