{
    "1": {
        "precision": 0.7736263736263737,
        "recall": 0.5581395348837209,
        "f1-score": 0.6484494933988333,
        "support": 1892.0
    },
    "2": {
        "precision": 0.49838187702265374,
        "recall": 0.6209677419354839,
        "f1-score": 0.5529622980251346,
        "support": 248.0
    },
    "3": {
        "precision": 0.4880201765447667,
        "recall": 0.5528571428571428,
        "f1-score": 0.5184192900200938,
        "support": 700.0
    },
    "4": {
        "precision": 0.31746031746031744,
        "recall": 0.4838709677419355,
        "f1-score": 0.38338658146964855,
        "support": 124.0
    },
    "5": {
        "precision": 0.437125748502994,
        "recall": 0.6203966005665722,
        "f1-score": 0.5128805620608899,
        "support": 353.0
    },
    "6": {
        "precision": 0.6514851485148515,
        "recall": 0.7741176470588236,
        "f1-score": 0.7075268817204301,
        "support": 850.0
    },
    "accuracy": 0.6081113510919126,
    "macro avg": {
        "precision": 0.5276832736119929,
        "recall": 0.6017249391739465,
        "f1-score": 0.5539375177825051,
        "support": 4167.0
    },
    "weighted avg": {
        "precision": 0.6422718437264971,
        "recall": 0.6081113510919126,
        "f1-score": 0.6136019242637359,
        "support": 4167.0
    }
}