{
    "1": {
        "precision": 0.6607222469906375,
        "recall": 0.7832980972515856,
        "f1-score": 0.7168077388149939,
        "support": 1892.0
    },
    "2": {
        "precision": 0.7942857142857143,
        "recall": 0.5604838709677419,
        "f1-score": 0.6572104018912529,
        "support": 248.0
    },
    "3": {
        "precision": 0.6441717791411042,
        "recall": 0.3,
        "f1-score": 0.4093567251461988,
        "support": 700.0
    },
    "4": {
        "precision": 0.17478510028653296,
        "recall": 0.49193548387096775,
        "f1-score": 0.25792811839323465,
        "support": 124.0
    },
    "5": {
        "precision": 0.4289044289044289,
        "recall": 0.5212464589235127,
        "f1-score": 0.47058823529411764,
        "support": 353.0
    },
    "6": {
        "precision": 0.8031007751937984,
        "recall": 0.6094117647058823,
        "f1-score": 0.6929765886287625,
        "support": 850.0
    },
    "accuracy": 0.6225101991840652,
    "macro avg": {
        "precision": 0.5843283408003694,
        "recall": 0.5443959459532818,
        "f1-score": 0.53414463469476,
        "support": 4167.0
    },
    "weighted avg": {
        "precision": 0.6608355816178159,
        "recall": 0.6225101991840652,
        "f1-score": 0.6222387720622441,
        "support": 4167.0
    }
}