{
    "1": {
        "precision": 0.7443365695792881,
        "recall": 0.7293868921775899,
        "f1-score": 0.7367859049652963,
        "support": 1892.0
    },
    "2": {
        "precision": 0.6651982378854625,
        "recall": 0.6088709677419355,
        "f1-score": 0.6357894736842106,
        "support": 248.0
    },
    "3": {
        "precision": 0.5746527777777778,
        "recall": 0.47285714285714286,
        "f1-score": 0.5188087774294671,
        "support": 700.0
    },
    "4": {
        "precision": 0.35625,
        "recall": 0.4596774193548387,
        "f1-score": 0.4014084507042254,
        "support": 124.0
    },
    "5": {
        "precision": 0.4883720930232558,
        "recall": 0.5354107648725213,
        "f1-score": 0.5108108108108108,
        "support": 353.0
    },
    "6": {
        "precision": 0.6863966770508827,
        "recall": 0.7776470588235294,
        "f1-score": 0.7291781577495863,
        "support": 850.0
    },
    "accuracy": 0.6645068394528437,
    "macro avg": {
        "precision": 0.5858677258861111,
        "recall": 0.5973083743045929,
        "f1-score": 0.5887969292239327,
        "support": 4167.0
    },
    "weighted avg": {
        "precision": 0.6660711354486468,
        "recall": 0.6645068394528437,
        "f1-score": 0.6634828807437821,
        "support": 4167.0
    }
}