{
    "accuracy": [
        0.15811580419540405,
        0.16171617805957794,
        0.2100210040807724,
        0.1893189251422882,
        0.20672066509723663,
        0.22412240505218506,
        0.2592259347438812,
        0.2964296340942383,
        0.315031498670578,
        0.3516351580619812
    ],
    "loss": [
        1.7881485223770142,
        1.7245988845825195,
        1.7020511627197266,
        1.6839324235916138,
        1.6643805503845215,
        1.6221294403076172,
        1.5779906511306763,
        1.5359010696411133,
        1.4813014268875122,
        1.4168992042541504
    ],
    "val_accuracy": [
        0.12709832191467285,
        0.11390887200832367,
        0.10071942210197449,
        0.1666666716337204,
        0.1342925727367401,
        0.21223022043704987,
        0.2625899314880371,
        0.3573141396045685,
        0.29376497864723206,
        0.3273381292819977
    ],
    "val_loss": [
        1.7473169565200806,
        1.6965783834457397,
        1.7175332307815552,
        1.6682480573654175,
        1.688126802444458,
        1.6190822124481201,
        1.6471112966537476,
        1.512237310409546,
        1.5502067804336548,
        1.5605920553207397
    ]
}